{
  "labels": [
    1,
    1,
    1,
    1,
    1,
    1,
    1,
    1,
    0,
    0,
    0,
    0,
    1,
    1,
    1,
    1,
    1,
    1,
    1,
    0,
    0,
    0,
    0,
    0,
    0,
    0,
    0,
    0,
    0
  ],
  "predicted_prob": [
    0.44398610945538014,
    0.46879062662624377,
    0.5031249593105316,
    0.5621765008857981,
    0.6370307944803831,
    0.6513548646660542,
    0.5926665999540697,
    0.5249791874789399,
    0.4225046348141883,
    0.34864513533394575,
    0.29421497216298875,
    0.28140560742914383,
    0.320821300824607,
    0.3834334954786808,
    0.4594641607262107,
    0.5405358392737893,
    0.6195173196470847,
    0.6456563062257954,
    0.5926665999540697,
    0.5312093733737563,
    0.4656790563306954,
    0.3775406687981454,
    0.320821300824607,
    0.2689414213699951,
    0.24048908305088887,
    0.29421497216298875,
    0.35434369377420466,
    0.42861601832306767,
    0.4968750406894683
  ],
  "adv_results": [
    true,
    true,
    true,
    true,
    true,
    false,
    true,
    true,
    false,
    false,
    false,
    false,
    false,
    false,
    false,
    false,
    false,
    false,
    false,
    false,
    false,
    false,
    false,
    false,
    false,
    false,
    false,
    false,
    false,
    false
  ]
}