{
  "run_id": "run_20250927T053955",
  "labels": [
    1,
    1,
    1,
    1,
    1,
    1,
    1,
    1,
    0,
    0,
    0,
    0,
    1,
    1,
    1,
    1,
    1,
    1,
    1,
    0,
    0,
    0,
    0,
    0,
    0,
    0,
    0,
    0,
    0,
    0
  ],
  "predicted_prob": [
    0.49437523729267463,
    0.4968750406894683,
    0.5003124999593099,
    0.5062496744995104,
    0.5140587932870805,
    0.5156199157230156,
    0.5093739015216607,
    0.5024999791668749,
    0.4921881357207956,
    0.4843800842769844,
    0.47813894602839846,
    0.47657965106367606,
    0.4812587841214648,
    0.4881272322437472,
    0.49593758939379834,
    0.5040624106062017,
    0.512185086877203,
    0.51499550161941,
    0.5093739015216607,
    0.5031249593105316,
    0.4965625541575047,
    0.4875026035157896,
    0.4812587841214648,
    0.47502081252106,
    0.4712816430485603,
    0.47813894602839846,
    0.4850044983805899,
    0.49281299503557974,
    0.49968750004069007,
    0.5065621231949096
  ],
  "calibration": {
    "applied": true,
    "objective": "ece",
    "prior_T": 10.0,
    "chosen": "ece",
    "T_nll": 0.35000000000000003,
    "T_ece": 10.0,
    "temperature": 10.0,
    "before_nll": 0.572106,
    "before_ece": 0.312101,
    "after_nll_by_nll": 0.502263,
    "after_ece_by_nll": 0.452898,
    "after_nll_by_ece": 0.677716,
    "after_ece_by_ece": 0.271548,
    "method": "binary_temperature_scaling_probs",
    "used_prior": true,
    "bins": 15
  },
  "adv_results": [
    false,
    false,
    false,
    false,
    false,
    false,
    false,
    false,
    false,
    false,
    false,
    false,
    false,
    false,
    false,
    false,
    false,
    false,
    false,
    false,
    false,
    false,
    false,
    false,
    false,
    false,
    false,
    false,
    false,
    false
  ]
}