{
  "labels": [
    1,
    1,
    1,
    1,
    1,
    1,
    1,
    1,
    0,
    0,
    0,
    0,
    1,
    1,
    1,
    1,
    1,
    1,
    1,
    0,
    0,
    0,
    0,
    0,
    0,
    0,
    0,
    0,
    0,
    0
  ],
  "predicted_prob": [
    0.3446009642287348,
    0.41165137518528233,
    0.5089276225092764,
    0.6713474534827298,
    0.8330143317519274,
    0.8564010312515399,
    0.7448684956686832,
    0.570946596883466,
    0.29052056553535116,
    0.14359896874846004,
    0.07585818002124355,
    0.06424971108089358,
    0.10500058502026482,
    0.20470505527196267,
    0.38596962705315374,
    0.6140303729468464,
    0.8010479780212804,
    0.8473913351573689,
    0.7448684956686832,
    0.5883486248147178,
    0.4030296913511688,
    0.19332136980230863,
    0.10500058502026482,
    0.05431326613264064,
    0.036064538099166314,
    0.07585818002124355,
    0.1526086648426312,
    0.3054604980019199,
    0.49107237749072336,
    0.6791786991753931
  ],
  "calibration": {
    "applied": true,
    "temperature": 0.35000000000000003,
    "before_nll": 0.572106,
    "after_nll": 0.502263,
    "method": "binary_temperature_scaling_probs"
  },
  "adv_results": [
    true,
    true,
    true,
    true,
    true,
    true,
    false,
    true,
    true,
    true,
    false,
    false,
    false,
    false,
    false,
    false,
    false,
    false,
    false,
    false,
    true,
    true,
    false,
    false,
    false,
    false,
    false,
    false,
    false,
    false
  ]
}